in:Index,out:% of Total Area,img,Panel_0,Panel_1,Panel_2,Panel_3,Panel_4,Panel_5,Panel_6,Panel_7,Panel_8,Panel_9,Panel_10,Panel_11,Panel_12,Panel_13,Panel_14,Panel_15,Panel_16,Panel_17,Panel_18,Panel_19
0.0,0.594444,Index0.png,1,0,1,0,0,0,0,0,0,0,0,0,0,1,0,0,0,0,1,0
1.0,0.627778,Index1.0.png,0,0,1,1,0,0,0,0,0,0,0,0,0,0,0,0,0,1,0,1
2.0,0.577778,Index2.0.png,0,1,1,0,0,0,0,0,0,0,0,0,0,1,0,0,1,0,0,0
3.0,0.694444,Index3.png,0,0,0,0,0,1,0,0,1,0,0,0,1,0,0,0,0,0,1,0
4.0,0.666667,Index4.0.png,0,0,1,0,1,0,0,0,0,0,1,0,1,0,0,0,0,0,0,0
5.0,0.7,Index5.png,0,0,1,0,0,0,1,0,0,0,1,0,0,0,0,1,0,0,0,0
6.0,0.638889,Index6.png,0,0,0,1,0,0,1,0,0,0,0,0,0,0,0,1,0,0,0,1
7.0,0.65,Index7.png,0,0,0,1,0,0,1,0,0,0,0,0,0,0,0,1,0,1,0,0
8.0,0.677778,Index8.0.png,0,1,0,0,1,0,0,0,0,0,0,1,1,0,0,0,0,0,0,0
9.0,0.638889,Index9.png,0,0,0,1,1,0,0,0,0,0,0,0,1,0,0,0,0,0,0,1
10.0,0.605556,Index10.png,0,0,0,1,0,0,1,0,0,0,0,0,0,0,0,1,1,0,0,0
11.0,0.577778,Index11.png,0,0,0,0,0,0,1,1,0,0,0,1,0,0,0,1,0,0,0,0
12.0,0.622222,Index12.png,0,1,0,0,0,0,0,0,0,0,0,1,0,0,0,0,1,1,0,0
13.0,0.694444,Index13.png,0,0,0,0,0,0,0,0,0,0,1,0,1,1,0,0,0,1,0,0
14.0,0.694444,Index14.png,0,0,1,0,0,0,0,0,1,0,0,0,1,0,0,1,0,0,0,0
15.0,0.661111,Index15.png,0,0,1,0,1,0,0,0,0,0,0,0,1,0,0,0,0,0,1,0
16.0,0.594444,Index16.0.png,1,1,0,1,0,0,0,0,0,0,0,0,0,0,0,1,0,0,0,0
17.0,0.638889,Index17.png,1,0,0,0,0,0,0,1,0,1,0,0,0,0,1,0,0,0,0,0
18.0,0.65,Index18.png,0,0,0,0,1,0,0,0,1,0,0,0,1,0,0,1,0,0,0,0
19.0,0.627778,Index19.png,0,0,0,0,1,0,0,1,0,0,0,0,1,1,0,0,0,0,0,0
20.0,0.688889,Index20.png,0,0,0,1,0,0,0,1,0,0,0,0,0,0,1,0,0,0,1,0
21.0,0.594445,Index21.png,0,0,0,0,0,0,0,1,1,0,1,0,0,1,0,0,0,0,0,0
22.0,0.661111,Index22.png,0,0,0,1,1,0,0,0,0,0,0,0,1,0,0,0,0,0,1,0
23.0,0.65,Index23.png,0,0,0,0,0,0,0,0,0,0,1,0,1,0,0,1,1,0,0,0
24.0,0.716667,Index24.png,0,0,1,1,0,1,0,0,0,0,0,0,0,0,0,0,0,0,1,0
25.0,0.644444,Index25.png,0,0,1,0,0,0,0,1,0,0,0,0,0,1,0,0,1,0,0,0
26.0,0.6,Index26.png,0,0,1,0,0,0,0,1,0,0,0,0,0,0,0,1,0,1,0,0
27.0,0.605556,Index27.png,0,0,1,0,0,0,1,0,0,1,0,0,0,0,0,0,0,0,0,1
28.0,0.638889,Index28.png,0,0,0,1,0,0,1,0,0,0,1,0,0,0,0,0,0,0,0,1
29.0,0.616667,Index29.png,0,0,0,0,0,0,0,0,1,0,1,1,0,0,0,0,0,1,0,0
30.0,0.527778,Index30.png,0,0,0,0,1,0,1,0,1,0,0,0,0,0,0,0,0,0,0,1
31.0,0.633333,Index31.png,0,0,0,1,0,0,0,0,1,0,0,0,0,0,0,0,1,1,0,0
32.0,0.605556,Index32.0.png,0,0,0,0,0,0,0,0,0,1,0,1,0,0,1,0,0,1,0,0
33.0,0.622222,Index33.png,0,0,0,0,0,0,0,0,0,0,0,1,1,1,0,0,0,0,0,1
34.0,0.683333,Index34.png,0,0,1,0,0,1,1,0,0,0,0,0,0,0,0,0,0,1,0,0
35.0,0.711111,Index35.png,0,0,0,1,0,0,0,0,0,0,0,1,0,0,0,0,0,1,0,1
36.0,0.716667,Index36.png,0,0,0,0,0,1,0,0,0,0,0,0,1,0,0,0,1,1,0,0
37.0,0.627778,Index37.png,0,0,1,0,0,0,0,0,0,0,0,0,1,0,1,0,0,0,0,1
38.0,0.655556,Index38.png,0,0,1,0,0,1,1,0,0,0,0,0,0,0,0,0,0,0,1,0
39.0,0.611111,Index39.png,0,0,1,0,0,1,1,0,0,0,0,1,0,0,0,0,0,0,0,0
40.0,0.55,Index40.png,0,0,0,0,0,0,1,0,0,0,0,0,0,0,1,0,1,0,0,1
41.0,0.55,Index41.png,0,1,0,0,0,0,0,0,0,0,0,0,0,1,0,0,0,1,1,0
42.0,0.705556,Index42.png,1,1,0,0,0,1,0,0,0,0,1,0,0,0,0,0,0,0,0,0
43.0,0.605556,Index43.png,0,1,0,0,0,0,0,0,0,0,0,0,1,1,1,0,0,0,0,0
44.0,0.638889,Index44.png,0,0,0,0,0,0,0,0,0,1,1,0,0,1,0,0,0,1,0,0
45.0,0.577778,Index45.png,0,0,0,0,0,0,0,0,1,1,0,0,1,0,0,0,1,0,0,0
46.0,0.655556,Index46.png,0,0,0,0,0,1,0,0,0,0,0,0,0,1,1,0,0,0,1,0
47.0,0.627778,Index47.png,0,0,1,1,0,0,0,1,0,0,0,0,0,1,0,0,0,0,0,0
48.0,0.594444,Index48.png,0,1,0,0,0,0,0,0,0,1,0,0,0,0,0,0,0,1,1,0
49.0,0.7,Index49.png,0,0,0,0,0,0,0,1,0,0,0,1,0,0,1,0,0,0,1,0
50.0,0.572222,Index50.png,0,0,0,0,0,0,0,1,1,0,0,0,0,0,0,0,1,0,0,1
51.0,0.683333,Index51.png,0,0,0,0,0,0,0,0,0,0,1,0,1,1,1,0,0,0,0,0
52.0,0.65,Index52.png,0,0,0,0,0,1,0,1,0,0,1,0,0,1,0,0,0,0,0,0
53.0,0.727778,Index53.png,0,1,0,0,1,0,0,0,1,0,0,0,0,0,0,1,0,0,0,0
54.0,0.727778,Index54.png,0,0,0,0,0,1,0,0,0,0,0,0,1,0,1,0,0,0,1,0
55.0,0.633333,Index55.png,1,1,0,0,0,0,0,0,1,0,0,0,0,1,0,0,0,0,0,0
56.0,0.55,Index56.png,0,0,0,0,0,0,1,1,0,0,0,0,0,0,0,0,1,1,0,0
57.0,0.644444,Index57.png,0,0,0,0,0,0,1,1,0,0,0,0,0,0,0,0,0,1,0,1
58.0,0.638889,Index58.png,1,0,0,1,0,0,0,0,0,1,1,0,0,0,0,0,0,0,0,0
59.0,0.522222,Index59.png,0,0,0,0,0,0,1,1,0,0,0,0,0,0,0,0,1,0,0,1
60.0,0.638889,Index60.png,0,0,1,0,0,0,1,0,0,1,0,0,0,0,0,0,1,0,0,0
61.0,0.677778,Index61.png,0,1,0,1,0,0,0,0,0,0,0,1,0,0,0,0,0,0,1,0
62.0,0.722222,Index62.png,1,0,0,0,1,0,0,0,0,0,1,0,0,0,0,0,0,1,0,0
63.0,0.744444,Index63.0.png,0,1,0,0,1,0,0,0,0,0,1,0,0,0,0,0,0,0,1,0
64.0,0.583333,Index64.0.png,0,0,0,0,1,0,0,1,0,1,0,0,0,0,0,0,1,0,0,0
65.0,0.55,Index65.png,1,0,0,0,0,0,1,0,0,0,0,0,0,0,1,0,0,1,0,0
66.0,0.661111,Index66.png,0,1,1,0,0,1,0,0,0,0,0,0,0,0,0,0,0,0,0,1
67.0,0.522222,Index67.png,0,1,0,0,0,0,0,0,0,0,0,0,0,0,0,1,0,1,1,0
68.0,0.627778,Index68.png,0,0,0,0,0,1,0,0,0,1,0,0,0,0,0,0,1,0,0,1
69.0,0.572222,Index69.png,0,0,0,0,0,0,1,0,1,0,0,0,0,0,0,1,0,1,0,0
70.0,0.466667,Index70.png,0,0,0,0,0,0,0,0,0,0,0,0,0,0,1,1,1,0,1,0
71.0,0.65,Index71.png,0,0,0,0,0,0,0,0,0,1,0,1,0,0,1,0,0,0,1,0
72.0,0.622222,Index72.png,0,0,0,0,0,0,1,0,0,0,1,0,0,0,0,1,0,0,0,1
73.0,0.666667,Index73.png,1,0,0,0,0,0,0,0,0,0,0,1,0,0,1,0,0,1,0,0
74.0,0.633333,Index74.png,0,0,0,0,0,0,0,0,1,0,0,1,0,0,0,1,0,0,0,1
75.0,0.666667,Index75.png,0,0,1,0,1,0,0,0,0,0,0,0,0,1,0,0,0,1,0,0
76.0,0.638889,Index76.png,0,0,0,1,0,0,1,0,0,0,0,1,0,0,1,0,0,0,0,0
77.0,0.661111,Index77.png,0,0,0,1,0,0,0,0,0,0,0,0,1,0,0,1,0,0,0,1
78.0,0.633333,Index78.png,0,0,0,1,0,0,0,0,0,1,0,0,1,0,1,0,0,0,0,0
79.0,0.65,Index79.png,0,0,1,0,0,1,0,1,0,0,0,0,0,0,0,0,0,0,0,1
80.0,0.672222,Index80.png,0,0,0,0,1,1,0,0,0,0,0,0,1,0,0,0,0,0,0,1
81.0,0.544444,Index81.png,0,0,0,0,0,1,0,0,0,1,1,0,0,0,0,0,0,1,0,0
82.0,0.777778,Index82.png,1,1,0,1,0,0,0,0,0,0,1,0,0,0,0,0,0,0,0,0
83.0,0.511111,Index83.png,0,0,0,0,0,0,0,0,1,0,1,1,0,0,0,0,1,0,0,0
84.0,0.672222,Index84.png,0,1,0,0,0,1,0,0,0,0,1,0,1,0,0,0,0,0,0,0
85.0,0.661111,Index85.png,0,0,1,0,0,0,0,0,1,0,0,0,0,0,0,1,0,0,1,0
86.0,0.694444,Index86.png,0,0,0,0,1,0,0,0,0,0,1,0,0,0,1,0,0,1,0,0
87.0,0.666667,Index87.png,0,0,1,0,0,0,0,0,0,0,0,1,0,0,0,1,0,0,1,0
88.0,0.638889,Index88.png,0,0,0,0,0,0,0,0,0,0,0,1,1,0,1,0,0,0,1,0
89.0,0.711111,Index89.png,1,0,0,1,1,0,0,0,0,0,0,0,0,0,1,0,0,0,0,0
90.0,0.555556,Index90.png,1,0,0,0,0,0,0,1,0,0,1,0,0,0,0,0,0,0,0,1
91.0,0.627778,Index91.png,0,0,1,0,0,0,0,1,0,0,0,0,0,0,0,0,1,0,0,1
92.0,0.616667,Index92.png,1,1,0,0,0,0,0,0,0,0,0,0,1,0,0,0,0,0,0,1
93.0,0.716667,Index93.png,0,1,0,0,0,0,0,1,0,0,0,1,0,0,0,0,0,1,0,0
94.0,0.688889,Index94.png,0,0,0,1,1,1,0,0,0,0,0,0,0,0,0,0,1,0,0,0
95.0,0.583333,Index95.png,0,0,0,0,0,1,1,0,1,0,0,0,0,0,0,0,0,1,0,0
96.0,0.594444,Index96.png,0,0,0,0,1,1,0,0,0,0,0,1,1,0,0,0,0,0,0,0
97.0,0.511111,Index97.png,0,1,0,0,0,0,0,0,0,0,0,0,0,0,0,0,1,1,1,0
98.0,0.677778,Index98.png,0,0,0,0,1,0,0,0,0,0,0,0,0,0,1,0,1,0,1,0
99.0,0.644444,Index99.png,0,0,0,0,0,0,1,1,0,0,0,0,0,1,0,1,0,0,0,0
100.0,0.516667,Index100.png,0,0,0,0,0,0,1,1,1,0,0,0,1,0,0,0,0,0,0,0
101.0,0.594444,Index101.png,1,0,0,0,0,1,0,1,1,0,0,0,0,0,0,0,0,0,0,0
102.0,0.683333,Index102.png,0,0,0,1,0,0,0,0,0,1,0,0,1,0,0,0,0,0,1,0
103.0,0.588889,Index103.png,1,0,0,0,0,1,0,1,0,0,0,0,0,0,0,0,1,0,0,0
104.0,0.683333,Index104.png,0,0,1,0,0,1,0,0,0,0,0,0,0,0,1,0,0,0,0,1
105.0,0.622222,Index105.png,0,0,1,0,0,0,0,1,0,0,0,0,0,0,0,0,0,0,1,1
106.0,0.633333,Index106.png,0,0,0,1,0,0,0,0,0,0,1,1,0,0,0,0,0,1,0,0
107.0,0.672222,Index107.png,0,0,0,0,0,1,0,0,0,0,1,0,1,0,0,0,0,1,0,0
108.0,0.7,Index108.png,0,0,0,0,0,0,1,0,0,0,0,1,0,0,0,0,1,0,1,0
109.0,0.644444,Index109.png,0,0,0,0,0,0,0,1,0,0,1,0,0,0,0,0,1,0,1,0
110.0,0.627778,Index110.png,0,0,0,0,0,0,1,0,1,0,0,0,1,0,0,0,0,1,0,0
111.0,0.661111,Index111.png,0,0,0,1,0,0,0,0,0,0,0,0,1,0,1,1,0,0,0,0
112.0,0.666667,Index112.png,1,1,0,1,0,0,0,1,0,0,0,0,0,0,0,0,0,0,0,0
113.0,0.694444,Index113.png,0,0,0,1,0,0,0,0,0,0,1,0,0,0,0,0,1,0,0,1
114.0,0.638889,Index114.png,0,0,0,0,0,0,1,0,0,0,0,0,1,0,0,0,1,0,1,0
115.0,0.627778,Index115.png,0,0,1,0,0,0,1,0,1,0,0,0,0,0,0,0,1,0,0,0
116.0,0.583333,Index116.png,0,1,1,0,0,0,0,0,1,0,0,0,0,1,0,0,0,0,0,0
117.0,0.588889,Index117.png,0,0,0,1,0,0,0,0,0,0,0,0,0,0,1,1,1,0,0,0
118.0,0.627778,Index118.png,1,0,1,0,0,0,0,0,0,0,0,0,0,1,0,0,1,0,0,0
119.0,0.694444,Index119.png,1,0,0,1,1,1,0,0,0,0,0,0,0,0,0,0,0,0,0,0
120.0,0.583333,Index120.png,0,0,1,0,0,0,1,0,1,1,0,0,0,0,0,0,0,0,0,0
121.0,0.455556,Index121.png,0,0,0,0,0,1,1,0,0,1,1,0,0,0,0,0,0,0,0,0
122.0,0.588889,Index122.png,1,0,0,0,0,0,1,0,1,0,0,0,0,0,0,1,0,0,0,0
123.0,0.644445,Index123.png,0,0,0,1,0,0,1,0,0,0,1,0,0,0,0,1,0,0,0,0
124.0,0.416667,Index124.png,0,0,0,0,0,1,1,0,1,1,0,0,0,0,0,0,0,0,0,0
125.0,0.677778,Index125.0.png,1,0,0,0,1,0,0,0,0,0,0,1,1,0,0,0,0,0,0,0
126.0,0.622222,Index126.0.png,0,0,0,1,0,1,1,0,0,0,0,0,0,0,0,1,0,0,0,0
127.0,0.494444,Index127.0.png,0,0,0,0,0,1,0,0,1,1,0,1,0,0,0,0,0,0,0,0
128.0,0.622222,Index128.0.png,0,1,0,0,0,1,1,0,0,0,0,0,0,0,0,1,0,0,0,0
129.0,0.683333,Index129.png,0,0,0,0,0,1,0,0,0,0,0,0,0,1,0,1,0,1,0,0
130.0,0.694444,Index130.png,1,0,0,0,0,1,1,0,0,0,0,0,1,0,0,0,0,0,0,0
131.0,0.65,Index131.png,0,0,0,0,1,0,0,1,0,0,0,1,0,0,0,1,0,0,0,0
132.0,0.688889,Index132.png,0,1,0,0,1,0,1,0,0,0,0,0,0,0,0,1,0,0,0,0
133.0,0.444444,Index133.png,0,0,0,0,0,1,1,0,1,0,1,0,0,0,0,0,0,0,0,0
134.0,0.566667,Index134.png,0,0,0,0,1,1,1,0,0,0,0,0,0,0,0,0,0,0,0,1
135.0,0.738889,Index135.png,0,0,1,0,0,1,0,0,0,0,0,1,0,0,0,0,0,1,0,0
136.0,0.666667,Index136.png,0,0,0,0,1,0,0,1,0,0,0,0,0,0,0,0,0,1,0,1
137.0,0.466667,Index137.png,0,0,0,0,1,0,1,1,1,0,0,0,0,0,0,0,0,0,0,0
138.0,0.466667,Index138.png,0,0,0,0,1,1,0,1,1,0,0,0,0,0,0,0,0,0,0,0
139.0,0.466667,Index139.png,0,0,0,0,0,1,1,1,0,0,0,1,0,0,0,0,0,0,0,0
140.0,0.683333,Index140.png,1,0,0,0,0,0,1,0,0,0,0,0,1,0,0,0,1,0,0,0
141.0,0.466667,Index141.png,0,0,0,0,1,0,1,1,0,1,0,0,0,0,0,0,0,0,0,0
142.0,0.511111,Index142.png,1,1,0,0,0,0,1,0,0,0,0,0,0,0,0,0,0,0,0,1
143.0,0.711111,Index143.png,0,1,0,0,0,0,1,0,0,0,0,1,0,0,0,0,0,1,0,0
144.0,0.627778,Index144.png,0,0,0,0,0,0,1,0,0,1,0,0,0,0,1,0,0,0,1,0
145.0,0.655556,Index145.png,1,0,0,0,0,0,1,0,0,0,0,1,0,0,0,0,0,0,1,0
146.0,0.683333,Index146.png,0,0,0,0,1,0,0,0,0,0,0,0,0,1,0,0,1,0,0,1
147.0,0.505556,Index147.png,0,0,0,0,0,0,0,0,1,0,0,0,0,0,0,1,0,1,0,1
148.0,0.644444,Index148.png,0,0,1,0,0,1,1,0,0,0,1,0,0,0,0,0,0,0,0,0
149.0,0.65,Index149.png,1,0,1,0,0,0,0,0,0,1,0,1,0,0,0,0,0,0,0,0
150.0,0.638889,Index150.png,0,0,0,1,0,0,0,0,1,0,0,1,0,0,0,0,0,0,1,0
151.0,0.544444,Index151.png,0,0,0,1,0,1,1,0,0,1,0,0,0,0,0,0,0,0,0,0
152.0,0.655556,Index152.png,0,1,0,1,0,0,0,0,0,0,0,1,0,0,0,0,0,0,0,1
153.0,0.65,Index153.png,0,0,0,0,0,1,0,0,1,0,0,0,1,1,0,0,0,0,0,0
154.0,0.727778,Index154.png,1,0,0,0,0,1,0,0,1,0,0,0,0,1,0,0,0,0,0,0
155.0,0.711111,Index155.png,1,0,0,0,1,0,0,0,1,0,0,0,0,0,1,0,0,0,0,0
156.0,0.661111,Index156.png,0,0,0,0,1,0,0,0,1,0,0,1,0,0,1,0,0,0,0,0
157.0,0.672222,Index157.png,0,0,1,0,1,0,0,0,0,0,0,0,1,0,1,0,0,0,0,0
158.0,0.55,Index158.png,0,0,0,0,0,1,0,1,0,0,0,0,0,0,0,1,1,0,0,0
159.0,0.716667,Index159.png,0,1,1,0,0,1,0,0,0,0,0,1,0,0,0,0,0,0,0,0
160.0,0.677778,Index160.png,0,0,0,0,0,0,0,0,1,0,0,1,0,0,0,0,1,0,0,1
161.0,0.727778,Index161.png,1,0,0,1,0,0,0,0,0,0,1,0,0,0,1,0,0,0,0,0
162.0,0.588889,Index162.png,0,0,0,1,1,1,1,0,0,0,0,0,0,0,0,0,0,0,0,0
163.0,0.655556,Index163.png,0,0,0,1,0,0,0,0,0,0,0,1,1,0,1,0,0,0,0,0
164.0,0.638889,Index164.png,0,1,0,0,0,0,0,0,0,1,0,1,0,1,0,0,0,0,0,0
165.0,0.655556,Index165.png,0,0,0,1,0,1,0,0,0,0,0,0,1,1,0,0,0,0,0,0
166.0,0.705556,Index166.png,0,1,0,1,0,0,0,0,0,0,1,0,0,0,0,0,0,1,0,0
167.0,0.594444,Index167.png,1,1,0,0,0,0,0,0,1,0,0,0,0,0,0,0,1,0,0,0
168.0,0.611111,Index168.png,0,0,0,0,0,0,0,1,1,0,0,0,0,0,0,1,0,0,1,0
169.0,0.727778,Index169.png,0,0,0,0,0,1,0,0,0,0,0,1,0,0,1,0,0,1,0,0
170.0,0.672222,Index170.png,0,0,0,0,1,0,0,0,1,0,0,0,0,1,0,0,1,0,0,0
171.0,0.616667,Index171.png,0,0,1,0,0,0,0,1,0,0,0,0,0,0,0,0,1,0,1,0
172.0,0.705556,Index172.png,0,0,1,1,0,1,0,0,0,0,0,0,0,0,1,0,0,0,0,0
173.0,0.566667,Index173.png,0,0,0,0,0,0,0,0,0,1,0,0,0,1,0,0,1,0,0,1
174.0,0.588889,Index174.png,0,0,0,0,1,0,1,0,0,0,1,0,1,0,0,0,0,0,0,0
175.0,0.522222,Index175.png,0,0,0,0,0,0,1,1,0,0,1,0,0,0,0,0,0,0,0,1
176.0,0.588889,Index176.png,1,0,0,0,0,0,0,1,0,1,0,0,0,0,0,0,0,1,0,0
177.0,0.683333,Index177.png,0,1,0,0,0,0,1,0,0,0,0,1,0,0,0,0,0,0,1,0
178.0,0.705556,Index178.png,1,0,1,0,1,0,0,0,0,1,0,0,0,0,0,0,0,0,0,0
179.0,0.566667,Index179.png,0,0,0,0,0,0,0,1,1,0,0,1,0,0,0,0,0,0,0,1
180.0,0.605556,Index180.png,1,1,0,1,0,0,0,0,0,0,0,0,0,0,0,0,0,1,0,0
181.0,0.683333,Index181.png,1,0,0,0,1,0,0,0,0,0,0,0,1,0,0,0,0,1,0,0
182.0,0.644444,Index182.png,0,1,0,0,0,0,0,0,0,1,0,0,1,0,0,0,0,0,1,0
183.0,0.633333,Index183.png,0,0,1,0,1,0,0,1,0,0,0,1,0,0,0,0,0,0,0,0
184.0,0.666667,Index184.png,0,0,0,1,0,0,0,0,0,1,0,0,0,1,0,0,0,0,1,0
185.0,0.655556,Index185.png,0,0,0,1,0,0,0,0,0,0,0,0,1,0,0,0,1,0,0,1
186.0,0.688889,Index186.png,0,0,0,1,0,0,0,0,1,0,0,0,0,1,0,0,0,1,0,0
187.0,0.561111,Index187.png,0,0,0,0,0,0,0,0,1,1,1,0,0,1,0,0,0,0,0,0
188.0,0.655556,Index188.png,0,0,1,0,0,1,0,0,0,0,0,0,0,0,0,1,0,0,0,1
189.0,0.666667,Index189.png,0,1,0,1,0,0,0,0,0,0,1,0,0,0,0,0,0,0,0,1
190.0,0.661111,Index190.png,0,1,0,1,0,0,0,1,0,0,0,0,0,0,0,0,0,1,0,0
191.0,0.661111,Index191.png,0,0,1,0,0,0,0,0,1,0,1,0,0,0,0,0,0,0,1,0
192.0,0.572222,Index192.png,0,0,0,0,0,0,0,0,0,1,1,0,0,0,1,1,0,0,0,0
193.0,0.616667,Index193.png,0,0,0,0,0,1,0,0,0,0,0,0,0,0,1,1,1,0,0,0
194.0,0.661111,Index194.png,1,0,0,0,0,0,0,0,0,1,0,0,1,1,0,0,0,0,0,0
195.0,0.633333,Index195.png,0,0,0,1,0,0,0,0,0,0,0,0,0,1,1,1,0,0,0,0
196.0,0.622222,Index196.png,0,0,0,0,0,1,0,0,0,0,0,0,0,0,1,1,0,0,0,1
197.0,0.694444,Index197.png,1,1,0,0,0,0,0,0,1,0,0,1,0,0,0,0,0,0,0,0
198.0,0.627778,Index198.png,0,0,1,1,0,0,0,0,0,0,0,0,0,0,0,1,0,1,0,0
199.0,0.688889,Index199.png,0,0,1,0,0,0,0,0,0,0,0,1,1,0,0,1,0,0,0,0
200.0,0.655556,Index200.png,1,0,0,1,0,0,0,0,1,0,0,1,0,0,0,0,0,0,0,0
201.0,0.644444,Index201.png,1,0,0,1,0,1,0,1,0,0,0,0,0,0,0,0,0,0,0,0
202.0,0.572222,Index202.png,0,1,0,0,0,0,0,0,0,1,0,0,0,0,0,1,0,0,0,1
203.0,0.6,Index203.png,0,0,1,0,0,1,0,0,1,1,0,0,0,0,0,0,0,0,0,0
204.0,0.661111,Index204.png,0,0,1,1,0,0,0,0,0,0,0,1,0,0,0,1,0,0,0,0
205.0,0.638889,Index205.png,0,0,1,0,0,0,0,0,0,0,0,0,1,0,0,1,1,0,0,0
206.0,0.616667,Index206.png,0,0,0,1,1,0,0,0,0,0,0,0,0,1,0,0,1,0,0,0
207.0,0.661111,Index207.png,0,0,0,1,1,0,0,0,0,1,0,0,0,0,0,1,0,0,0,0
208.0,0.683333,Index208.png,0,0,0,1,1,0,0,0,0,0,1,0,0,0,0,1,0,0,0,0
209.0,0.688889,Index209.png,0,0,1,0,0,0,0,0,0,0,1,0,0,0,0,1,0,0,0,1
210.0,0.466667,Index210.png,0,0,0,0,0,0,1,1,0,1,0,1,0,0,0,0,0,0,0,0
211.0,0.572222,Index211.png,0,1,0,0,0,0,0,0,1,0,0,0,0,0,0,1,0,0,0,1
212.0,0.672222,Index212.png,0,0,0,1,0,0,0,0,0,1,0,0,0,0,0,1,0,0,0,1
213.0,0.666667,Index213.png,0,0,1,0,1,0,0,0,0,1,0,0,0,0,0,0,1,0,0,0
214.0,0.716667,Index214.png,0,1,1,0,1,1,0,0,0,0,0,0,0,0,0,0,0,0,0,0
215.0,0.65,Index215.png,0,0,0,1,0,0,1,0,0,0,0,0,0,0,0,0,1,0,1,0
216.0,0.688889,Index216.png,0,1,1,1,0,0,0,0,0,0,1,0,0,0,0,0,0,0,0,0
217.0,0.627778,Index217.png,0,1,1,0,0,0,0,1,0,0,0,0,0,0,0,0,0,0,0,1
218.0,0.644444,Index218.png,1,0,0,0,0,1,0,0,0,0,0,1,0,0,0,0,0,0,0,1
219.0,0.583333,Index219.png,0,0,0,1,1,0,0,1,0,0,0,1,0,0,0,0,0,0,0,0
220.0,0.611111,Index220.png,0,0,0,1,0,0,0,0,0,0,0,0,0,0,1,0,0,0,1,1
221.0,0.572222,Index221.png,0,0,0,0,0,0,0,0,1,0,1,0,0,0,0,1,0,1,0,0
222.0,0.627778,Index222.png,0,0,0,0,0,0,0,0,1,0,0,0,1,0,1,0,0,1,0,0
223.0,0.538889,Index223.png,0,0,0,0,0,0,0,0,1,0,0,0,0,0,0,1,0,1,1,0
224.0,0.683333,Index224.png,0,0,0,0,1,0,0,0,1,0,0,0,0,0,1,0,0,0,1,0
225.0,0.572222,Index225.png,1,0,0,0,0,0,0,0,0,0,1,0,0,0,0,1,0,1,0,0
226.0,0.633333,Index226.png,1,0,0,0,0,0,0,0,0,0,0,1,0,0,1,0,1,0,0,0
227.0,0.65,Index227.png,0,0,1,0,0,0,0,0,0,0,1,0,0,0,0,1,0,0,0,1
228.0,0.6,Index228.png,0,0,0,0,0,1,0,0,1,1,0,0,0,0,1,0,0,0,0,0
229.0,0.544444,Index229.png,0,0,0,1,0,0,1,1,0,0,1,0,0,0,0,0,0,0,0,0
230.0,0.605556,Index230.png,0,1,0,0,0,0,1,1,0,0,0,0,0,0,0,1,0,0,0,0
231.0,0.522222,Index231.png,1,0,0,0,0,0,0,0,0,0,0,0,0,1,0,1,0,0,0,1
232.0,0.555556,Index232.png,0,0,0,0,0,0,1,1,0,0,0,0,1,0,0,0,1,0,0,0
233.0,0.6,Index233.png,0,1,0,0,0,0,0,0,0,0,0,0,1,0,1,0,0,0,1,0
234.0,0.705556,Index234.png,0,0,0,0,1,1,0,0,0,0,0,0,0,0,1,0,0,0,1,0
235.0,0.622222,Index235.png,0,0,0,0,0,0,1,1,0,0,0,0,1,0,1,0,0,0,0,0
236.0,0.611111,Index236.png,0,0,1,0,0,1,0,1,1,0,0,0,0,0,0,0,0,0,0,0
237.0,0.622222,Index237.png,0,0,0,0,0,0,1,1,0,0,0,0,1,0,0,0,0,0,1,0
238.0,0.711111,Index238.png,0,1,0,0,1,0,0,0,0,0,0,0,1,0,0,1,0,0,0,0
239.0,0.627778,Index239.png,0,0,0,0,0,1,0,0,0,0,1,1,0,0,1,0,0,0,0,0
240.0,0.427778,Index240.png,0,0,0,0,0,0,0,0,1,1,1,0,0,0,0,0,0,0,0,1
241.0,0.633333,Index241.png,0,0,0,0,0,1,0,0,1,0,1,0,0,0,1,0,0,0,0,0
242.0,0.705556,Index242.png,0,0,1,0,0,1,0,0,0,0,0,0,0,1,1,0,0,0,0,0
243.0,0.6,Index243.png,0,0,1,1,0,0,0,0,0,0,0,0,0,1,0,0,1,0,0,0
244.0,0.666667,Index244.png,0,1,0,1,0,0,0,0,0,1,0,0,0,1,0,0,0,0,0,0
245.0,0.711111,Index245.png,0,0,1,1,0,0,0,0,0,0,1,0,0,0,0,0,0,1,0,0
246.0,0.588889,Index246.png,0,1,1,0,0,0,1,0,0,0,0,0,0,0,0,1,0,0,0,0
247.0,0.638889,Index247.png,0,1,0,1,0,0,0,0,1,0,0,0,0,1,0,0,0,0,0,0
248.0,0.611111,Index248.png,0,0,0,0,0,0,1,0,0,0,1,0,0,0,0,1,0,1,0,0
249.0,0.655556,Index249.png,0,0,1,1,0,0,0,0,0,1,0,0,0,1,0,0,0,0,0,0
250.0,0.588889,Index250.0.png,0,0,0,0,1,1,0,0,1,0,0,0,0,0,0,1,0,0,0,0
251.0,0.566667,Index251.0.png,0,1,0,0,0,0,0,1,0,0,0,0,0,0,0,1,0,1,0,0
252.0,0.55,Index252.0.png,0,0,0,0,1,0,1,0,0,1,0,0,0,0,0,1,0,0,0,0
253.0,0.561111,Index253.0.png,0,0,0,1,1,0,0,0,0,1,1,0,0,0,0,0,0,0,0,0
254.0,0.727778,Index254.0.png,0,1,0,0,0,1,0,0,0,0,0,0,1,0,0,0,0,1,0,0
255.0,0.583333,Index255.0.png,0,1,1,0,0,0,0,0,0,0,0,0,0,0,1,0,0,0,0,1
256.0,0.683333,Index256.0.png,1,0,1,0,0,1,0,0,0,0,0,0,0,0,0,1,0,0,0,0
257.0,0.7,Index257.png,0,1,0,0,0,0,0,1,0,0,0,0,1,0,0,1,0,0,0,0
258.0,0.616667,Index258.png,0,1,0,0,0,0,1,0,1,0,0,0,0,1,0,0,0,0,0,0
259.0,0.627778,Index259.png,0,0,0,0,1,1,0,0,1,0,0,0,0,0,0,0,0,1,0,0
260.0,0.544444,Index260.png,1,0,0,0,0,1,1,0,0,0,1,0,0,0,0,0,0,0,0,0
261.0,0.65,Index261.png,1,0,0,0,0,0,1,0,1,0,0,0,0,1,0,0,0,0,0,0
262.0,0.666667,Index262.png,0,0,0,0,0,1,0,0,1,0,0,0,1,0,0,0,0,0,0,1
263.0,0.6,Index263.png,1,0,0,0,0,0,1,0,0,0,1,0,0,0,0,0,1,0,0,0
264.0,0.705556,Index264.png,1,0,0,1,0,0,0,0,0,0,0,1,0,0,0,0,0,0,1,0
265.0,0.55,Index265.png,1,0,0,0,0,0,1,0,0,0,0,0,0,0,1,0,0,0,0,1
266.0,0.655556,Index266.png,1,0,0,1,0,0,1,0,0,0,1,0,0,0,0,0,0,0,0,0
267.0,0.511111,Index267.png,0,1,0,0,0,0,0,0,0,0,0,0,0,0,0,1,0,0,1,1
268.0,0.638889,Index268.png,0,1,0,1,0,0,1,0,0,1,0,0,0,0,0,0,0,0,0,0
269.0,0.627778,Index269.png,1,0,0,1,0,0,0,0,0,0,0,0,0,0,0,0,1,0,1,0
270.0,0.611111,Index270.png,0,1,0,0,0,0,0,0,0,0,1,0,0,0,0,0,1,0,0,1
271.0,0.716667,Index271.png,0,0,0,0,0,1,0,0,0,0,1,0,0,1,0,0,0,0,1,0
272.0,0.661111,Index272.png,0,0,0,0,1,0,0,0,0,0,0,0,1,1,0,0,1,0,0,0
273.0,0.633333,Index273.png,1,0,0,0,1,0,1,0,0,0,1,0,0,0,0,0,0,0,0,0
274.0,0.672222,Index274.png,0,0,0,0,1,0,0,0,0,0,1,0,1,0,0,0,0,0,0,1
275.0,0.722222,Index275.png,1,0,1,0,0,1,0,0,0,0,0,0,1,0,0,0,0,0,0,0
276.0,0.688889,Index276.png,1,0,1,0,0,0,0,0,1,0,0,1,0,0,0,0,0,0,0,0
277.0,0.555556,Index277.png,0,0,0,0,0,0,1,0,1,0,0,1,0,0,0,0,0,0,0,1
278.0,0.483333,Index278.png,0,0,0,0,1,1,1,0,0,0,1,0,0,0,0,0,0,0,0,0
279.0,0.683333,Index279.png,0,0,0,0,0,1,0,0,0,0,0,0,1,1,0,0,1,0,0,0
280.0,0.494444,Index280.png,0,0,0,0,0,1,1,0,0,0,1,0,0,0,0,0,1,0,0,0
281.0,0.611111,Index281.png,0,0,0,1,0,1,1,0,0,0,0,0,0,1,0,0,0,0,0,0
282.0,0.666667,Index282.png,0,0,0,1,1,0,0,0,0,1,0,0,0,0,1,0,0,0,0,0
283.0,0.483333,Index283.png,0,0,0,0,0,0,0,1,0,1,1,1,0,0,0,0,0,0,0,0
284.0,0.677778,Index284.png,0,1,1,0,0,0,0,0,0,0,0,1,0,0,0,0,0,0,1,0
285.0,0.538889,Index285.png,0,0,0,0,1,0,0,1,0,1,0,1,0,0,0,0,0,0,0,0
286.0,0.716667,Index286.png,0,0,0,1,0,1,0,0,0,0,0,0,0,1,0,1,0,0,0,0
287.0,0.611111,Index287.png,0,0,0,0,0,0,0,0,0,0,0,0,1,1,0,1,0,1,0,0
288.0,0.677778,Index288.png,0,0,1,1,0,0,0,0,0,0,1,0,1,0,0,0,0,0,0,0
289.0,0.638889,Index289.png,0,0,0,0,0,1,0,0,0,0,0,1,1,1,0,0,0,0,0,0
290.0,0.683333,Index290.png,0,0,0,1,0,0,0,0,1,0,0,0,0,1,0,1,0,0,0,0
291.0,0.661111,Index291.png,0,1,0,0,1,0,0,0,0,0,0,0,1,1,0,0,0,0,0,0
292.0,0.655556,Index292.png,0,1,0,0,0,0,0,1,0,0,0,0,0,1,0,1,0,0,0,0
293.0,0.494444,Index293.png,0,0,0,0,0,0,0,0,0,1,0,0,0,1,0,1,1,0,0,0
294.0,0.555556,Index294.png,0,0,0,1,0,0,0,1,1,0,1,0,0,0,0,0,0,0,0,0
295.0,0.661111,Index295.png,0,0,0,1,0,0,0,1,0,0,0,0,0,1,0,1,0,0,0,0
296.0,0.727778,Index296.png,0,0,0,1,0,1,0,0,0,0,0,0,0,0,0,0,1,0,0,1
297.0,0.733333,Index297.png,0,0,0,0,1,0,0,0,0,0,1,0,0,1,0,1,0,0,0,0
298.0,0.661111,Index298.png,0,0,0,0,1,0,0,0,0,0,1,0,1,1,0,0,0,0,0,0
299.0,0.627778,Index299.png,0,0,1,1,0,0,0,0,0,0,0,1,1,0,0,0,0,0,0,0
300.0,0.655556,Index300.png,1,0,1,1,0,0,1,0,0,0,0,0,0,0,0,0,0,0,0,0
301.0,0.566667,Index301.png,0,0,0,0,0,0,0,0,0,0,0,0,1,1,0,0,1,0,1,0
302.0,0.677778,Index302.png,0,0,0,0,0,0,0,0,0,0,1,0,1,0,0,0,1,0,1,0
303.0,0.588889,Index303.png,0,0,0,0,0,0,0,1,0,1,0,1,0,0,1,0,0,0,0,0
304.0,0.666667,Index304.png,0,0,0,0,1,0,0,1,0,0,0,0,0,1,0,0,1,0,0,0
305.0,0.611111,Index305.png,0,0,0,0,0,0,0,1,0,1,0,1,0,1,0,0,0,0,0,0
306.0,0.633333,Index306.png,0,0,0,0,0,0,0,1,0,0,1,1,0,1,0,0,0,0,0,0
307.0,0.611111,Index307.png,0,0,0,0,0,0,0,0,1,0,0,0,0,1,1,0,0,0,0,1
308.0,0.7,Index308.png,0,0,0,1,0,0,0,0,1,0,0,0,0,1,0,0,0,0,1,0
309.0,0.655556,Index309.png,0,1,0,0,1,1,0,0,1,0,0,0,0,0,0,0,0,0,0,0
310.0,0.666667,Index310.png,0,0,1,0,0,0,0,0,0,0,0,0,1,0,0,1,0,0,1,0
311.0,0.622222,Index311.png,0,1,0,0,0,0,0,1,1,0,0,1,0,0,0,0,0,0,0,0
312.0,0.694444,Index312.png,0,0,0,0,0,0,0,1,0,0,1,0,0,0,0,0,0,1,1,0
313.0,0.655556,Index313.png,1,0,0,1,0,0,0,0,0,0,0,0,0,1,0,0,0,1,0,0
314.0,0.538889,Index314.png,0,0,0,1,1,0,0,1,0,1,0,0,0,0,0,0,0,0,0,0
315.0,0.616667,Index315.png,1,0,0,0,0,0,0,0,0,0,0,0,1,0,0,1,0,0,0,1
316.0,0.688889,Index316.png,1,0,0,0,0,0,1,0,0,0,0,0,1,0,0,1,0,0,0,0
317.0,0.688889,Index317.png,0,0,0,1,0,0,0,0,0,0,0,1,0,0,0,0,1,0,0,1
318.0,0.666667,Index318.png,0,0,0,0,0,1,1,0,0,0,0,0,0,1,0,1,0,0,0,0
319.0,0.622222,Index319.png,0,0,0,0,0,1,1,0,0,0,0,0,1,0,0,1,0,0,0,0
320.0,0.677778,Index320.png,0,0,0,1,0,0,0,0,0,1,0,0,0,0,0,0,0,1,1,0
321.0,0.638889,Index321.png,0,0,0,0,0,0,1,0,0,0,0,0,1,0,0,0,1,1,0,0
322.0,0.55,Index322.png,0,1,0,0,0,0,0,0,0,0,0,0,0,1,1,0,0,0,0,1
323.0,0.633333,Index323.png,0,0,0,0,0,0,0,0,1,0,1,0,1,0,0,0,0,0,0,1
324.0,0.655556,Index324.png,0,1,0,0,0,0,0,0,0,0,1,0,0,0,1,0,0,0,0,1
325.0,0.527778,Index325.png,0,0,0,0,0,0,0,1,1,0,0,1,0,0,0,0,1,0,0,0
326.0,0.666667,Index326.png,1,0,0,0,0,0,0,0,0,1,0,1,0,0,1,0,0,0,0,0
327.0,0.494444,Index327.png,0,0,0,0,0,0,1,0,1,1,0,0,0,0,0,0,1,0,0,0
328.0,0.638889,Index328.png,0,0,0,0,0,1,0,0,0,0,0,1,1,0,0,0,1,0,0,0
329.0,0.694444,Index329.png,0,1,0,1,0,0,0,0,1,0,0,0,0,0,1,0,0,0,0,0
330.0,0.661111,Index330.png,0,1,1,0,0,0,0,0,1,1,0,0,0,0,0,0,0,0,0,0
331.0,0.677778,Index331.png,0,0,0,1,0,0,0,0,0,0,1,1,0,0,0,0,1,0,0,0
332.0,0.672222,Index332.png,1,0,0,0,1,0,0,0,0,0,1,0,0,0,0,0,0,0,0,1
333.0,0.622222,Index333.png,0,0,0,0,1,1,1,0,0,0,0,0,0,0,1,0,0,0,0,0
334.0,0.661111,Index334.png,0,0,0,0,0,0,0,0,0,0,0,1,0,0,0,0,1,1,0,1
335.0,0.688889,Index335.png,0,0,0,0,0,1,0,0,0,0,0,0,1,1,0,0,0,0,1,0
336.0,0.7,Index336.png,0,0,0,0,0,1,0,0,0,0,0,0,1,1,0,0,0,1,0,0
337.0,0.638889,Index337.png,0,1,0,0,0,0,0,1,1,0,0,0,0,0,1,0,0,0,0,0
338.0,0.677778,Index338.png,0,1,0,0,0,1,0,0,1,0,0,0,0,0,0,0,0,0,1,0
339.0,0.566667,Index339.png,0,0,0,0,0,0,1,1,0,1,0,0,0,1,0,0,0,0,0,0
340.0,0.666667,Index340.png,0,1,1,0,0,0,0,0,0,0,0,1,0,0,0,0,0,0,1,0
341.0,0.594444,Index341.png,0,0,0,0,1,0,1,0,1,0,0,0,0,0,0,0,0,0,1,0
342.0,0.672222,Index342.png,0,0,0,0,0,0,0,1,1,0,0,0,0,1,0,0,0,0,0,1
343.0,0.638889,Index343.png,1,0,0,0,0,0,0,1,0,0,1,0,0,0,0,0,0,1,0,0
344.0,0.633333,Index344.png,0,0,0,0,0,0,0,0,0,0,0,1,0,0,0,1,0,1,1,0
345.0,0.711111,Index345.png,0,0,0,1,0,0,0,0,0,0,0,1,0,0,0,0,0,1,0,1
346.0,0.672222,Index346.png,1,0,0,1,0,1,0,0,0,0,0,1,0,0,0,0,0,0,0,0
347.0,0.661111,Index347.png,0,1,0,0,0,1,0,0,0,0,0,1,0,0,0,0,0,0,0,1
348.0,0.572222,Index348.png,0,0,1,0,0,0,0,0,0,0,0,0,0,0,0,1,0,0,1,1
349.0,0.622222,Index349.png,0,0,0,0,0,0,1,0,1,0,0,0,0,0,1,0,0,1,0,0
350.0,0.538889,Index350.png,0,0,0,0,0,0,1,0,0,0,0,0,0,0,1,1,0,0,0,1
351.0,0.711111,Index351.png,0,1,0,0,0,1,0,0,0,0,1,0,0,0,0,1,0,0,0,0
352.0,0.655556,Index352.png,0,1,0,0,0,1,0,0,0,0,0,0,0,0,0,1,1,0,0,0
353.0,0.5,Index353.png,0,0,0,0,0,0,1,1,0,0,1,0,0,0,0,0,1,0,0,0
354.0,0.722222,Index354.png,0,1,0,0,0,0,0,0,0,0,1,0,1,0,0,0,0,1,0,0
355.0,0.616667,Index355.png,0,0,0,0,0,0,0,1,1,0,0,0,0,0,0,0,0,0,1,1
356.0,0.6,Index356.png,0,1,0,0,0,0,0,0,1,0,0,0,0,1,1,0,0,0,0,0
357.0,0.633333,Index357.png,0,1,0,0,0,0,0,0,1,0,0,0,0,0,1,0,0,0,1,0
358.0,0.411111,Index358.png,0,0,0,0,0,1,1,1,0,1,0,0,0,0,0,0,0,0,0,0
359.0,0.7,Index359.png,0,1,0,0,0,1,0,0,0,1,0,0,0,0,1,0,0,0,0,0
360.0,0.672222,Index360.png,0,1,0,0,1,0,0,0,0,0,0,0,0,1,1,0,0,0,0,0
361.0,0.733333,Index361.png,0,1,0,0,1,0,0,0,0,0,1,0,0,0,1,0,0,0,0,0
362.0,0.438889,Index362.png,0,0,0,0,0,1,1,1,0,0,1,0,0,0,0,0,0,0,0,0
363.0,0.677778,Index363.png,0,0,0,1,0,0,0,0,1,0,0,0,0,1,1,0,0,0,0,0
364.0,0.572222,Index364.png,0,0,0,0,0,0,0,1,1,0,0,1,0,1,0,0,0,0,0,0
365.0,0.6,Index365.png,0,1,0,0,0,0,0,0,0,1,0,0,0,1,1,0,0,0,0,0
366.0,0.627778,Index366.png,0,1,0,0,0,0,0,0,0,1,0,0,1,0,0,0,1,0,0,0
367.0,0.638889,Index367.png,0,1,0,0,0,0,0,1,0,0,1,0,0,0,0,0,1,0,0,0
368.0,0.627778,Index368.png,0,1,0,1,0,0,0,0,0,0,0,0,0,1,1,0,0,0,0,0
369.0,0.666667,Index369.png,0,0,0,0,1,1,0,0,0,0,0,0,1,0,0,1,0,0,0,0
370.0,0.622222,Index370.png,0,0,1,1,0,0,0,0,0,0,0,0,1,1,0,0,0,0,0,0
371.0,0.677778,Index371.png,0,0,1,1,1,0,0,0,0,0,0,0,0,0,0,0,0,1,0,0
372.0,0.6,Index372.png,0,0,0,0,0,0,0,0,0,1,0,0,0,1,1,0,0,1,0,0
373.0,0.688889,Index373.png,0,1,0,0,1,0,0,0,1,0,0,0,0,0,0,0,1,0,0,0
374.0,0.666667,Index374.png,0,1,0,0,1,0,0,0,1,0,0,0,0,0,0,0,0,0,0,1
375.0,0.555556,Index375.png,0,0,0,0,0,1,0,0,0,1,1,0,1,0,0,0,0,0,0,0
376.0,0.561111,Index376.png,0,0,1,0,0,0,0,0,0,0,0,0,0,0,1,0,0,1,1,0
377.0,0.611111,Index377.png,0,0,0,0,0,1,1,0,0,0,0,0,0,0,1,0,1,0,0,0
378.0,0.616667,Index378.png,0,0,0,0,0,1,1,0,0,0,0,0,1,0,1,0,0,0,0,0
379.0,0.677778,Index379.png,0,0,0,0,1,0,0,0,1,0,0,0,1,0,0,0,0,0,1,0
380.0,0.483333,Index380.png,0,0,0,0,0,0,0,0,0,1,0,0,0,0,1,1,0,0,0,1
381.0,0.688889,Index381.png,0,0,1,0,0,0,0,0,0,0,1,0,0,1,0,0,0,0,1,0
382.0,0.688889,Index382.png,1,0,1,1,0,0,0,0,1,0,0,0,0,0,0,0,0,0,0,0
383.0,0.522222,Index383.png,0,0,0,1,0,0,0,0,1,1,0,1,0,0,0,0,0,0,0,0
384.0,0.605556,Index384.png,0,0,1,0,0,0,0,0,1,1,0,0,1,0,0,0,0,0,0,0
385.0,0.6,Index385.png,0,0,1,0,0,0,0,0,0,0,0,0,0,0,1,1,0,0,1,0
386.0,0.622222,Index386.png,1,0,0,1,0,0,0,0,0,0,0,0,0,0,1,0,0,1,0,0
387.0,0.555556,Index387.png,1,0,0,0,0,0,0,0,0,0,0,0,0,1,0,1,1,0,0,0
388.0,0.588889,Index388.png,1,0,0,0,0,0,0,0,0,0,0,0,1,0,0,0,0,0,1,1
389.0,0.711111,Index389.png,0,0,0,1,0,0,0,0,0,0,1,0,0,0,0,0,0,1,1,0
390.0,0.683333,Index390.png,0,0,0,1,0,1,0,0,0,0,0,0,0,0,0,0,1,1,0,0
391.0,0.661111,Index391.png,0,0,0,0,1,0,1,0,0,0,0,0,0,0,1,0,0,1,0,0
392.0,0.688889,Index392.png,0,0,0,1,0,0,0,0,0,0,1,0,0,0,0,0,1,0,1,0
393.0,0.6,Index393.png,0,0,0,0,0,0,1,0,0,0,0,0,0,1,0,0,0,0,1,1
394.0,0.688889,Index394.png,0,1,0,0,0,0,0,0,0,0,1,1,0,0,0,1,0,0,0,0
395.0,0.655556,Index395.png,0,0,0,0,0,1,0,0,1,0,0,0,0,0,0,0,0,1,0,1
396.0,0.644444,Index396.png,1,0,0,1,0,0,0,1,0,0,0,0,0,1,0,0,0,0,0,0
397.0,0.605556,Index397.png,0,0,0,0,0,0,1,0,0,0,0,1,1,0,0,0,1,0,0,0
398.0,0.7,Index398.png,1,1,0,1,1,0,0,0,0,0,0,0,0,0,0,0,0,0,0,0
399.0,0.688889,Index399.png,0,1,1,1,1,0,0,0,0,0,0,0,0,0,0,0,0,0,0,0
400.0,0.672222,Index400.png,0,1,1,0,0,1,0,0,0,0,0,0,0,0,0,0,0,1,0,0
401.0,0.65,Index401.png,0,0,1,1,0,0,0,0,0,1,0,0,0,0,0,1,0,0,0,0
402.0,0.705556,Index402.png,0,0,1,1,0,0,0,0,0,0,1,0,0,0,0,1,0,0,0,0
403.0,0.677778,Index403.png,0,0,0,0,0,1,0,0,0,1,0,0,0,1,0,0,0,1,0,0
404.0,0.661111,Index404.png,0,1,0,1,0,0,0,0,1,0,0,0,0,0,0,0,1,0,0,0
405.0,0.677778,Index405.png,0,0,1,0,0,0,0,0,0,0,1,1,0,0,0,0,1,0,0,0
406.0,0.533333,Index406.png,0,0,0,1,0,0,1,0,0,1,1,0,0,0,0,0,0,0,0,0
407.0,0.65,Index407.png,0,0,0,0,1,0,0,0,1,0,0,0,0,0,1,0,1,0,0,0
408.0,0.666667,Index408.png,0,1,0,0,1,1,0,0,0,0,0,0,1,0,0,0,0,0,0,0
409.0,0.644444,Index409.png,0,0,1,1,0,0,0,0,0,0,0,0,0,0,0,1,0,0,1,0
410.0,0.65,Index410.png,0,0,1,0,0,0,1,0,0,1,0,0,0,0,1,0,0,0,0,0
411.0,0.622222,Index411.png,0,0,0,0,0,1,0,1,0,0,0,0,0,0,0,0,1,1,0,0
412.0,0.661111,Index412.png,0,0,0,0,1,0,1,0,0,0,0,0,0,0,0,0,0,1,1,0
413.0,0.638889,Index413.png,0,0,0,0,1,0,1,0,0,0,0,0,0,0,0,0,1,1,0,0
414.0,0.622222,Index414.png,0,1,0,0,0,0,0,0,0,0,1,0,0,0,0,0,0,1,0,1
415.0,0.627778,Index415.png,0,0,0,0,0,0,1,0,1,0,0,0,0,1,0,0,0,0,0,1
416.0,0.677778,Index416.png,0,0,0,1,0,1,0,0,0,1,0,0,0,0,0,0,0,1,0,0
417.0,0.527778,Index417.png,0,0,0,0,0,0,0,0,0,0,1,0,0,0,0,1,1,1,0,0
418.0,0.583333,Index418.png,0,1,0,0,0,0,1,0,0,0,0,0,0,0,1,0,0,0,0,1
419.0,0.622222,Index419.png,0,0,1,0,0,0,1,0,0,0,0,0,0,1,0,0,0,0,0,1
420.0,0.622222,Index420.png,0,0,0,1,0,0,0,0,0,0,0,0,1,0,0,0,1,1,0,0
421.0,0.5,Index421.png,0,0,0,0,0,0,0,0,0,0,0,0,0,1,0,1,1,0,0,1
422.0,0.666667,Index422.png,0,0,0,1,0,0,0,0,1,0,0,0,0,0,1,0,1,0,0,0
423.0,0.6,Index423.png,0,0,1,0,0,0,1,0,0,0,0,0,0,0,0,0,0,1,0,1
424.0,0.688889,Index424.png,0,0,0,1,0,0,0,0,1,0,1,0,0,0,0,0,0,1,0,0
425.0,0.65,Index425.png,1,0,0,1,0,0,0,0,0,0,0,0,0,1,0,0,0,0,1,0
426.0,0.666667,Index426.png,0,0,0,0,0,0,0,0,1,0,0,1,0,0,0,0,0,1,1,0
427.0,0.594444,Index427.png,0,0,0,0,0,0,0,0,1,0,1,1,0,1,0,0,0,0,0,0
428.0,0.644444,Index428.png,1,0,0,0,0,0,0,0,1,1,0,0,0,1,0,0,0,0,0,0
429.0,0.655556,Index429.png,1,0,0,0,1,0,0,0,0,1,0,0,0,0,0,1,0,0,0,0
430.0,0.65,Index430.png,0,0,1,0,0,0,0,0,0,0,1,0,0,1,0,0,1,0,0,0
431.0,0.611111,Index431.png,0,0,0,0,0,0,1,0,0,1,0,0,0,0,0,0,0,1,0,1
432.0,0.583333,Index432.png,1,0,0,0,0,1,0,0,0,0,0,0,0,0,1,0,1,0,0,0
433.0,0.705556,Index433.png,1,0,0,0,1,0,0,0,1,0,0,0,0,1,0,0,0,0,0,0
434.0,0.594444,Index434.png,0,0,0,0,0,0,0,0,0,0,0,0,1,0,1,1,0,1,0,0
435.0,0.511111,Index435.png,0,0,0,0,1,1,0,0,1,0,1,0,0,0,0,0,0,0,0,0
436.0,0.561111,Index436.png,0,0,0,0,0,0,0,0,0,0,0,0,0,1,1,1,0,0,1,0
437.0,0.622222,Index437.png,0,0,0,0,0,0,0,0,0,0,0,0,1,1,0,1,0,0,0,1
438.0,0.666667,Index438.png,0,0,0,0,1,0,1,0,0,0,0,0,0,1,0,0,0,0,1,0
439.0,0.65,Index439.png,0,0,0,1,0,0,0,0,1,0,0,1,0,0,1,0,0,0,0,0
440.0,0.677778,Index440.png,1,0,0,0,1,0,0,0,0,0,0,0,0,0,0,0,0,1,0,1
441.0,0.677778,Index441.png,0,1,0,0,0,0,1,0,0,0,1,0,0,1,0,0,0,0,0,0
442.0,0.633333,Index442.png,1,0,0,0,0,0,1,0,0,1,0,0,0,1,0,0,0,0,0,0
443.0,0.655556,Index443.png,0,1,0,0,0,0,1,0,0,0,0,0,0,1,1,0,0,0,0,0
444.0,0.677778,Index444.png,0,0,1,0,0,0,1,0,0,0,1,0,0,1,0,0,0,0,0,0
445.0,0.594444,Index445.png,0,0,0,0,0,0,0,1,0,0,0,0,0,0,0,0,0,1,1,1
446.0,0.622222,Index446.png,0,0,0,0,0,0,0,0,0,0,0,1,0,0,1,1,1,0,0,0
447.0,0.616667,Index447.png,0,0,0,1,0,0,1,0,0,0,0,0,0,0,1,0,0,1,0,0
448.0,0.661111,Index448.png,0,1,0,0,0,0,1,0,0,0,0,1,0,1,0,0,0,0,0,0
449.0,0.722222,Index449.png,1,0,0,0,0,1,0,0,0,0,0,0,1,0,0,0,1,0,0,0
450.0,0.694444,Index450.png,0,0,0,0,0,1,0,0,0,0,1,0,0,0,1,1,0,0,0,0
451.0,0.533333,Index451.png,0,0,0,0,0,0,0,0,0,0,0,0,0,1,1,1,0,1,0,0
452.0,0.711111,Index452.png,0,1,0,1,0,1,0,0,0,0,0,0,0,0,0,0,1,0,0,0
453.0,0.655556,Index453.png,0,0,0,0,0,0,1,0,0,0,0,1,1,0,1,0,0,0,0,0
454.0,0.511111,Index454.png,1,0,0,0,0,0,0,0,0,1,0,0,0,0,1,0,1,0,0,0
455.0,0.633333,Index455.png,0,0,0,1,0,0,1,0,0,0,0,1,0,1,0,0,0,0,0,0
456.0,0.738889,Index456.png,0,0,1,0,0,1,0,0,0,0,1,0,0,0,0,0,1,0,0,0
457.0,0.638889,Index457.png,0,0,0,0,0,0,0,0,0,0,0,1,0,0,0,0,1,0,1,1
458.0,0.666667,Index458.png,0,0,0,0,1,0,0,0,0,0,0,0,1,0,0,0,1,1,0,0
459.0,0.622222,Index459.png,0,0,0,0,0,0,0,0,0,1,0,0,1,1,0,0,0,0,1,0
460.0,0.733333,Index460.png,1,0,0,0,0,1,0,0,0,0,0,0,1,1,0,0,0,0,0,0
461.0,0.45,Index461.png,0,0,0,0,0,0,1,0,1,0,1,1,0,0,0,0,0,0,0,0
462.0,0.7,Index462.png,1,0,0,0,0,0,0,0,0,0,1,0,1,0,0,0,0,1,0,0
463.0,0.661111,Index463.png,0,0,0,0,0,0,0,0,1,0,0,0,1,0,0,1,0,0,1,0
464.0,0.655556,Index464.png,0,1,0,0,0,1,0,1,0,0,1,0,0,0,0,0,0,0,0,0
465.0,0.622222,Index465.png,0,0,1,0,0,1,0,1,0,0,1,0,0,0,0,0,0,0,0,0
466.0,0.694444,Index466.png,0,1,0,0,1,0,1,0,0,0,0,0,0,0,0,0,1,0,0,0
467.0,0.55,Index467.png,0,0,0,0,0,0,0,0,1,0,0,0,0,0,0,1,0,0,1,1
468.0,0.605556,Index468.png,0,0,0,0,0,0,0,1,0,0,0,0,0,0,1,0,0,1,0,1
469.0,0.638889,Index469.png,0,0,0,0,0,0,1,0,0,0,0,0,1,1,0,0,0,0,1,0
470.0,0.611111,Index470.png,1,0,0,0,0,0,0,0,0,0,0,0,1,0,0,1,0,0,1,0
471.0,0.655556,Index471.png,1,0,0,0,1,0,0,0,0,0,0,0,0,1,0,0,0,0,0,1
472.0,0.722222,Index472.png,0,0,0,0,0,1,0,0,0,0,0,0,1,1,0,1,0,0,0,0
473.0,0.627778,Index473.png,0,0,0,0,0,0,0,0,1,0,0,1,1,0,1,0,0,0,0,0
474.0,0.494444,Index474.png,1,0,0,0,0,0,0,0,0,0,0,0,0,0,0,1,1,0,1,0
475.0,0.738889,Index475.png,0,1,0,0,1,0,0,0,0,0,1,0,0,0,0,0,0,1,0,0
476.0,0.638889,Index476.png,0,0,0,0,0,0,1,0,0,0,0,1,0,1,0,0,1,0,0,0
477.0,0.666667,Index477.png,1,0,0,1,0,0,0,1,0,0,0,0,1,0,0,0,0,0,0,0
478.0,0.672222,Index478.png,0,0,0,0,1,0,1,0,0,0,1,0,0,1,0,0,0,0,0,0
479.0,0.622222,Index479.png,0,0,0,0,0,1,0,0,0,0,1,0,0,0,0,0,0,0,1,1
480.0,0.511111,Index480.png,0,0,0,0,0,0,0,1,1,0,1,0,0,0,0,1,0,0,0,0
481.0,0.611111,Index481.png,0,0,0,0,1,0,1,0,1,0,0,0,0,1,0,0,0,0,0,0
482.0,0.644444,Index482.png,1,0,1,0,0,1,0,0,0,0,0,0,0,0,0,0,0,0,0,1
483.0,0.711111,Index483.png,0,0,0,1,0,1,0,0,0,0,1,0,0,0,0,0,0,1,0,0
484.0,0.666667,Index484.png,1,0,0,0,0,0,0,0,0,0,0,1,0,1,0,1,0,0,0,0
485.0,0.694444,Index485.png,0,0,0,1,0,1,0,0,1,0,0,0,0,0,0,1,0,0,0,0
486.0,0.627778,Index486.png,0,1,0,1,0,0,0,0,1,0,1,0,0,0,0,0,0,0,0,0
487.0,0.505556,Index487.png,1,1,0,0,0,0,0,0,0,0,0,0,0,0,0,1,0,0,1,0
488.0,0.6,Index488.png,0,0,0,1,0,0,1,0,0,1,0,0,1,0,0,0,0,0,0,0
489.0,0.488889,Index489.png,0,0,0,0,0,0,0,0,0,1,1,1,0,0,0,0,1,0,0,0
490.0,0.6,Index490.png,0,0,0,0,0,1,1,0,0,0,0,0,0,0,0,0,0,1,0,1
491.0,0.722222,Index491.png,0,0,0,0,1,1,0,0,0,0,0,0,0,0,0,0,0,1,0,1
492.0,0.572222,Index492.png,0,0,0,0,0,1,0,1,0,0,0,1,0,0,0,0,0,0,0,1
493.0,0.522222,Index493.png,0,0,0,0,0,1,0,1,0,1,0,0,0,0,0,0,1,0,0,0
494.0,0.583333,Index494.png,0,1,0,0,0,0,0,1,0,0,0,0,0,0,1,0,0,0,1,0
495.0,0.683333,Index495.png,0,1,1,0,0,1,0,0,0,0,0,0,0,0,0,0,0,1,0,0
496.0,0.622222,Index496.png,0,0,0,1,0,0,0,0,0,0,0,0,0,1,0,0,1,1,0,0
497.0,0.744444,Index497.png,0,0,0,0,0,1,0,0,0,0,1,0,0,0,1,0,0,0,1,0
498.0,0.555556,Index498.png,1,0,0,0,0,0,0,1,0,1,0,0,0,0,0,0,0,0,0,1
499.0,0.655556,Index499.png,0,0,0,0,0,0,0,0,0,1,0,1,0,1,0,0,0,0,1,0
